Workbook

Sheet 월간단가입력
A1: PP / PE 레진 월간 단가 추적 시트
A2: 파란색(Blue) = 직접 입력 | 검은색(Black) = 자동 계산 수식 | 노란색 배경 = 주의 필요 항목
A3: 연도 | B3: 월 | C3: PP Homo (USD/MT) | D3: PP Copo (USD/MT) | E3: HDPE (USD/MT) | F3: LDPE (USD/MT) | G3: LLDPE (USD/MT) | H3: 나프타 (USD/MT) | I3: Brent (USD/bbl) | J3: USD/KRW (원) | K3: PP-나프타 스프레드 | L3: PP Homo (원/MT) | M3: 전월대비 PP변동 | N3: 비고
A4: 2024 | B4: 1 | C4: 990 | D4: 1050 | E4: 955 | F4: 1035 | G4: 930 | H4: 645 | I4: 78 | J4: 1320 | K4: =C4-H4 | L4: =C4*J4 | M4: -
A5: 2024 | B5: 2 | C5: 1010 | D5: 1070 | E5: 975 | F5: 1055 | G5: 950 | H5: 660 | I5: 80 | J5: 1330 | K5: =C5-H5 | L5: =C5*J5 | M5: =C5-C4
A6: 2024 | B6: 3 | C6: 1020 | D6: 1080 | E6: 985 | F6: 1065 | G6: 960 | H6: 670 | I6: 83 | J6: 1340 | K6: =C6-H6 | L6: =C6*J6 | M6: =C6-C5
A7: 2024 | B7: 4 | C7: 1040 | D7: 1100 | E7: 1005 | F7: 1085 | G7: 980 | H7: 685 | I7: 88 | J7: 1365 | K7: =C7-H7 | L7: =C7*J7 | M7: =C7-C6
A8: 2024 | B8: 5 | C8: 1040 | D8: 1100 | E8: 1005 | F8: 1085 | G8: 980 | H8: 685 | I8: 86 | J8: 1365 | K8: =C8-H8 | L8: =C8*J8 | M8: =C8-C7
A9: 2024 | B9: 6 | C9: 1020 | D9: 1080 | E9: 988 | F9: 1068 | G9: 963 | H9: 665 | I9: 84 | J9: 1370 | K9: =C9-H9 | L9: =C9*J9 | M9: =C9-C8
A10: 2024 | B10: 7 | C10: 1020 | D10: 1080 | E10: 988 | F10: 1068 | G10: 963 | H10: 665 | I10: 82 | J10: 1375 | K10: =C10-H10 | L10: =C10*J10 | M10: =C10-C9
A11: 2024 | B11: 8 | C11: 970 | D11: 1030 | E11: 940 | F11: 1020 | G11: 915 | H11: 620 | I11: 76 | J11: 1330 | K11: =C11-H11 | L11: =C11*J11 | M11: =C11-C10
A12: 2024 | B12: 9 | C12: 970 | D12: 1030 | E12: 940 | F12: 1020 | G12: 915 | H12: 620 | I12: 74 | J12: 1330 | K12: =C12-H12 | L12: =C12*J12 | M12: =C12-C11
A13: 2024 | B13: 10 | C13: 950 | D13: 1010 | E13: 920 | F13: 1000 | G13: 895 | H13: 600 | I13: 72 | J13: 1355 | K13: =C13-H13 | L13: =C13*J13 | M13: =C13-C12
A14: 2024 | B14: 11 | C14: 950 | D14: 1010 | E14: 920 | F14: 1000 | G14: 895 | H14: 600 | I14: 72 | J14: 1355 | K14: =C14-H14 | L14: =C14*J14 | M14: =C14-C13
A15: 2024 | B15: 12 | C15: 960 | D15: 1020 | E15: 930 | F15: 1010 | G15: 905 | H15: 610 | I15: 73 | J15: 1360 | K15: =C15-H15 | L15: =C15*J15 | M15: =C15-C14
A16: 2025 | B16: 1 | C16: 980 | D16: 1040 | E16: 950 | F16: 1030 | G16: 930 | H16: 630 | I16: 76 | J16: 1430 | K16: =C16-H16 | L16: =C16*J16 | M16: =C16-C15
... A21: 2025 | B21: 6 | C21: 1010 | D21: 1070 | E21: 990 | F21: 1060 | G21: 970 | H21: 630 | I21: 74 | J21: 1380 | K21: =C21-H21 | L21: =C21*J21 | M21: =C21-C20
K22: =IF(C22="","",C22-H22) | L22: =IF(C22="","",C22*J22)
K23: =IF(C23="","",C23-H23) | L23: =IF(C23="","",C23*J23) | M23: =IF(C23="","",C23-C22)
K24: =IF(C24="","",C24-H24) | L24: =IF(C24="","",C24*J24) | M24: =IF(C24="","",C24-C23)
K25: =IF(C25="","",C25-H25) | L25: =IF(C25="","",C25*J25) | M25: =IF(C25="","",C25-C24)
K26: =IF(C26="","",C26-H26) | L26: =IF(C26="","",C26*J26) | M26: =IF(C26="","",C26-C25)
K27: =IF(C27="","",C27-H27) | L27: =IF(C27="","",C27*J27) | M27: =IF(C27="","",C27-C26)

Sheet 공급사오퍼비교
A1: 공급사별 오퍼 비교표
A2: ICIS 기준가 대비 프리미엄/디스카운트 자동 계산 | 파란색 셀에 오퍼가 입력
A3: ICIS 기준가 (USD/MT) | C3: PP Homo | D3: PP Copo | E3: HDPE | F3: LDPE | G3: LLDPE
C4: 1010 | D4: 1070 | E4: 990 | F4: 1060 | G4: 970
A5: 공급사 | B5: 원산지 | C5: PP Homo 오퍼 | D5: PP Copo 오퍼 | E5: HDPE 오퍼 | F5: LDPE 오퍼 | G5: LLDPE 오퍼 | H5: PP 프리미엄 (vs ICIS) | I5: 결제조건 | J5: 리드타임 | K5: MOQ(MT) | L5: 추천
A6: LG화학 | B6: 한국 | C6: 1015 | D6: 1075 | E6: 993 | F6: 1063 | G6: 973 | H6: =C6-C4 | I6: T/T 30일 | J6: 2주 | K6: 20 | L6: =IF(H6<=0,"★ 추천",IF(H6<=20,"검토","-"))
A7: 롯데케미칼 | B7: 한국 | C7: 1008 | D7: 1068 | E7: 988 | F7: 1058 | G7: 968 | H7: =C7-C4 | I7: T/T 30일 | J7: 2주 | K7: 20 | L7: =IF(H7<=0,"★ 추천",IF(H7<=20,"검토","-"))
A8: 한화솔루션 | B8: 한국 | C8: 1020 | D8: 1080 | E8: 1000 | F8: 1070 | G8: 980 | H8: =C8-C4 | I8: T/T 30일 | J8: 3주 | K8: 25 | L8: =IF(H8<=0,"★ 추천",IF(H8<=20,"검토","-"))
A9: SABIC | B9: 사우디 | C9: 995 | D9: 1055 | E9: 975 | F9: 1045 | G9: 955 | H9: =C9-C4 | I9: L/C 60일 | J9: 5주 | K9: 50 | L9: =IF(H9<=0,"★ 추천",IF(H9<=20,"검토","-"))
A10: Borouge | B10: UAE | C10: 990 | D10: 1050 | E10: 970 | F10: 1040 | G10: 950 | H10: =C10-C4 | I10: L/C 60일 | J10: 5주 | K10: 50 | L10: =IF(H10<=0,"★ 추천",IF(H10<=20,"검토","-"))
A11: QAPCO | B11: 카타르 | C11: 985 | D11: 1045 | E11: 965 | F11: 1035 | G11: 945 | H11: =C11-C4 | I11: L/C 60일 | J11: 6주 | K11: 50 | L11: =IF(H11<=0,"★ 추천",IF(H11<=20,"검토","-"))
A12: PTT GC | B12: 태국 | C12: 1000 | D12: 1060 | E12: 980 | F12: 1050 | G12: 960 | H12: =C12-C4 | I12: T/T 45일 | J12: 3주 | K12: 30 | L12: =IF(H12<=0,"★ 추천",IF(H12<=20,"검토","-"))

Sheet 단가시뮬레이터
A1: PP / PE 레진 단가 시뮬레이터 (유가 · 환율 · 나프타 변동 영향)
A3: ▶ 입력 가정 (파란색 셀 수정) | E3: 전월 기준가 (비교용)
E4: PP Homo | F4: HDPE
A5: Brent 유가 (USD/bbl) | B5: 74 | C5: 현재 시장가 | E5: 980 | F5: 960
A6: 나프타 CFR Japan (USD/MT) | B6: 630 | C6: Platts 기준
A7: USD/KRW 환율 (원) | B7: 1380 | C7: 시장 환율
A8: PP-나프타 배율 | B8: 1.55 | C8: 공급사 협의 배율
A9: 고정 마진 (USD/MT) | B9: 85 | C9: 계약 고정분
A10: 물류비 (USD/MT) | B10: 20 | C10: CFR 기준
A12: ▶ 산출 결과 (자동 계산)
A13: 품목 | B13: 산출 공식 개요 | C13: USD 단가 (USD/MT) | D13: 원화 환산 (원/MT) | E13: 전월 USD 차이 | F13: 전월 원화 차이 | G13: 등락률
A14: PP Homo (나프타 연동) | B14: B6*B8+B9+B10 | C14: =B6*B8+B9+B10 | D14: =C14*B7 | E14: =C14-E5 | F14: =D14-E5*B7 | G14: =IF(E5=0,"-",(C14-E5)/E5)
A15: PP Copo (+$60 프리미엄) | B15: B6*B8+B9+B10+60 | C15: =B6*B8+B9+B10+60 | D15: =C15*B7 | E15: - | F15: - | G15: -
A16: HDPE (에틸렌 연동 근사) | B16: (B6+220)*1.28+B9+B10 | C16: =(B6+220)*1.28+B9+B10 | D16: =C16*B7 | E16: =C16-F5 | F16: =D16-F5*B7 | G16: =IF(F5=0,"-",(C16-F5)/F5)
A17: LDPE (+$70 프리미엄) | B17: (B6+220)*1.28+B9+B10+70 | C17: =(B6+220)*1.28+B9+B10+70 | D17: =C17*B7 | E17: - | F17: - | G17: -
A18: LLDPE C4 | B18: (B6+220)*1.25+B9+B10 | C18: =(B6+220)*1.25+B9+B10 | D18: =C18*B7 | E18: - | F18: - | G18: -

Sheet KPI요약
A1: PP / PE 레진 구매 KPI 월간 요약
A3: PP Homo 구매 단가 | D3: 전월 대비 PP 변동 | G3: PP-나프타 스프레드
A4: =월간단가입력!C21 | D4: =월간단가입력!M21 | G4: =월간단가입력!K21
A5: USD/MT | D5: USD/MT | G5: USD/MT
A7: PP Homo 원화 환산 단가 | D7: USD/KRW 환율 | G7: Brent 유가
A8: =월간단가입력!L21 | D8: =월간단가입력!J21 | G8: =월간단가입력!I21
A9: 원/MT | D9: 원 | G9: USD/bbl
A11: ▶ PP-나프타 스프레드 신호등
A12: 스프레드 구간 | B12: 신호 | C12: 해석 | D12: 구매 액션
A13: $400 이상 | B13: GREEN | C13: 공급 여유 / 생산자 감산 없음 | D13: 스팟 구매 검토, 재고 절감
A14: $300~$400 | B14: YELLOW | C14: 정상 마진 범위 | D14: 계획 구매 유지
A15: $200~$300 | B15: ORANGE | C15: 마진 압박 / 감산 가능성 | D15: 장기 계약 비중 확대
A16: $200 미만 | B16: RED | C16: 감산 임박 / 공급 타이트 예상 | D16: 긴급 재고 확보 필요
